{
  "$schema": "./cypress/schema/cypress.schema.json",
  "testFiles": "**/*.feature",
  "integrationFolder": "cypress/features",
  "fixturesFolder": "cypress/fixtures",
  "supportFile": false,
  "pluginsFile": "cypress/plugins.js",
  "videosFolder": "reports/cucumber/cypress/videos",
  "screenshotsFolder": "reports/cucumber/cypress/screenshot",
  "chromeWebSecurity": false,
  "reporter": "nyan",
  "blacklistHosts": ["static.vgcontent.info"],
  "viewportHeight": 800,
  "viewportWidth": 1200
}
