[
  {
    "portId": 1111,
    "fundName": "Fund 1111",
    "productType": "CTDF",
    "rebalanceType": "BASC",
    "classification": "INST",
    "rebalanceEligible": true,
    "indirectFund": false,
    "holdings": [
      {
        "cusip": "",
        "isDirective": true,
        "name": "Stocks",
        "isSecurity": false,
        "tradeSubmissionMethod": "NSCC",
        "targetAllocationPercent": 0.6444,
        "paTargetAllocationPercent": 0.6444,
        "holdings": [
          {
            "cusip": "",
            "isDirective": true,
            "name": "Domestic Equity",
            "isSecurity": false,
            "tradeSubmissionMethod": "NSCC",
            "targetAllocationPercent": 0.75,
            "paTargetAllocationPercent": 0.75,
            "holdings": [
              {
                "cusip": "543985",
                "name": "TTL Stock",
                "isDirective": false,
                "isSecurity": true,
                "tradeSubmissionMethod": "NSCC",
                "targetAllocationPercent": 0.95,
                "paTargetAllocationPercent": 0.95,
                "holdings": []
              },
              {
                "cusip": "987543",
                "name": "Sml Cap Growth",
                "isDirective": false,
                "isSecurity": true,
                "tradeSubmissionMethod": "NSCC",
                "targetAllocationPercent": 0.05,
                "paTargetAllocationPercent": 0.05,
                "holdings": []
              }
            ]
          },
          {
            "cusip": "",
            "isDirective": true,
            "name": "International Equity",
            "isSecurity": false,
            "tradeSubmissionMethod": "NSCC",
            "targetAllocationPercent": 0.25,
            "paTargetAllocationPercent": 0.25,
            "holdings": [
              {
                "cusip": "987654",
                "name": "Intl Index",
                "isDirective": false,
                "isSecurity": true,
                "tradeSubmissionMethod": "NSCC",
                "targetAllocationPercent": 0.8,
                "paTargetAllocationPercent": 0.8,
                "holdings": []
              },
              {
                "cusip": "543219",
                "name": "Developed Mkts",
                "isDirective": false,
                "isSecurity": true,
                "tradeSubmissionMethod": "NSCC",
                "targetAllocationPercent": 0.2,
                "paTargetAllocationPercent": 0.2,
                "holdings": []
              }
            ]
          }
        ]
      },
      {
        "cusip": "",
        "isDirective": true,
        "name": "Bonds",
        "isSecurity": false,
        "tradeSubmissionMethod": "FTP",
        "targetAllocationPercent": 0.3556,
        "paTargetAllocationPercent": 0.3556,
        "holdings": [
          {
            "cusip": "",
            "isDirective": true,
            "name": "Domestic Bond",
            "isSecurity": false,
            "tradeSubmissionMethod": "NSCC",
            "targetAllocationPercent": 0.75,
            "paTargetAllocationPercent": 0.75,
            "holdings": [
              {
                "cusip": "634340",
                "name": "VG Total Bond",
                "isDirective": false,
                "isSecurity": true,
                "tradeSubmissionMethod": "NSCC",
                "targetAllocationPercent": 1,
                "paTargetAllocationPercent": 1,
                "holdings": []
              }
            ]
          },
          {
            "cusip": "",
            "isDirective": true,
            "name": "International Bond",
            "isSecurity": false,
            "tradeSubmissionMethod": "NSCC",
            "targetAllocationPercent": 0.25,
            "paTargetAllocationPercent": 0.25,
            "holdings": [
              {
                "cusip": "908513",
                "name": "VG Total Intl Bond",
                "isDirective": false,
                "isSecurity": true,
                "tradeSubmissionMethod": "NSCC",
                "targetAllocationPercent": 1,
                "paTargetAllocationPercent": 1,
                "holdings": []
              }
            ]
          }
        ]
      },
      {
        "cusip": "",
        "isDirective": true,
        "name": "Alternatives",
        "isSecurity": false,
        "tradeSubmissionMethod": "MANL",
        "targetAllocationPercent": 0.05,
        "paTargetAllocationPercent": 0.05,
        "holdings": [
          {
            "cusip": "",
            "isDirective": true,
            "name": "Alternatives",
            "isSecurity": false,
            "tradeSubmissionMethod": "NSCC",
            "targetAllocationPercent": 1,
            "paTargetAllocationPercent": 1,
            "holdings": [
              {
                "cusip": "124390",
                "name": "Alt Strategies Fund",
                "isDirective": false,
                "isSecurity": true,
                "tradeSubmissionMethod": "NSCC",
                "targetAllocationPercent": 1,
                "paTargetAllocationPercent": 1,
                "holdings": []
              }
            ]
          }
        ]
      }
    ]
  },
  {
    "portId": 2222,
    "fundName": "Fund 2222",
    "productType": "CTDF",
    "rebalanceType": "SMRT",
    "classification": "RETL",
    "rebalanceEligible": true,
    "indirectFund": true,
    "holdings": [
      {
        "cusip": "001122",
        "name": "SEC 1",
        "isDirective": false,
        "isSecurity": true,
        "tradeSubmissionMethod": "NSCC",
        "targetAllocationPercent": 0.3,
        "paTargetAllocationPercent": 0.3,
        "holdings": []
      },
      {
        "cusip": "",
        "isDirective": true,
        "name": "STOCK",
        "isSecurity": false,
        "tradeSubmissionMethod": "NSCC",
        "targetAllocationPercent": 0.7,
        "paTargetAllocationPercent": 0.7,
        "holdings": [
          {
            "cusip": "",
            "isDirective": true,
            "name": "BOND",
            "isSecurity": false,
            "tradeSubmissionMethod": "NSCC",
            "targetAllocationPercent": 0.583,
            "paTargetAllocationPercent": 0.583,
            "holdings": [
              {
                "cusip": "999999",
                "name": "SEC 2",
                "isDirective": false,
                "isSecurity": true,
                "tradeSubmissionMethod": "NSCC",
                "targetAllocationPercent": 0.149,
                "paTargetAllocationPercent": 0.149,
                "holdings": []
              },
              {
                "cusip": "888888",
                "name": "SEC 3",
                "isDirective": false,
                "isSecurity": true,
                "tradeSubmissionMethod": "NSCC",
                "targetAllocationPercent": 0.37,
                "paTargetAllocationPercent": 0.37,
                "holdings": []
              },
              {
                "cusip": "777777",
                "name": "SEC 4",
                "isDirective": false,
                "isSecurity": true,
                "tradeSubmissionMethod": "NSCC",
                "targetAllocationPercent": 0.481,
                "paTargetAllocationPercent": 0.481,
                "holdings": []
              }
            ]
          },
          {
            "cusip": "345123",
            "name": "SEC 5",
            "isDirective": false,
            "isSecurity": true,
            "tradeSubmissionMethod": "NSCC",
            "targetAllocationPercent": 0.417,
            "paTargetAllocationPercent": 0.417,
            "holdings": []
          }
        ]
      }
    ]
  },
  {
    "portId": 3333,
    "fundName": "Fund 3333",
    "productType": "LGCY",
    "rebalanceType": "BASC",
    "classification": "INST",
    "rebalanceEligible": false,
    "indirectFund": false,
    "holdings": [
      {
        "cusip": "001122",
        "name": "SEC 1",
        "isDirective": false,
        "isSecurity": true,
        "tradeSubmissionMethod": "NSCC",
        "targetAllocationPercent": 0.3,
        "paTargetAllocationPercent": 0.3,
        "holdings": []
      },
      {
        "cusip": "999999",
        "name": "SEC 2",
        "isDirective": false,
        "isSecurity": true,
        "tradeSubmissionMethod": "NSCC",
        "targetAllocationPercent": 0.149,
        "paTargetAllocationPercent": 0.149,
        "holdings": []
      },
      {
        "cusip": "888888",
        "name": "SEC 3",
        "isDirective": false,
        "isSecurity": true,
        "tradeSubmissionMethod": "NSCC",
        "targetAllocationPercent": 0.37,
        "paTargetAllocationPercent": 0.37,
        "holdings": []
      },
      {
        "cusip": "777777",
        "name": "SEC 4",
        "isDirective": false,
        "isSecurity": true,
        "tradeSubmissionMethod": "NSCC",
        "targetAllocationPercent": 0.481,
        "paTargetAllocationPercent": 0.481,
        "holdings": []
      },
      {
        "cusip": "345123",
        "name": "SEC 5",
        "isDirective": false,
        "isSecurity": true,
        "tradeSubmissionMethod": "NSCC",
        "targetAllocationPercent": 0.417,
        "paTargetAllocationPercent": 0.417,
        "holdings": []
      }
    ]
  }
]
