<?xml version="1.0" encoding="utf-8"?>
<siteminder xmlns:xsi="http://www.w3.org/2001/XMLSchema-instance">
  <application description="RXU - Internal Region" name="[SM_POLICY_DOMAIN_NAME]" network="internal">
    <authenticationdirectory name="[SM_AUTHN_BACKEND]"/>

    <protectedresources agent="[SM_AGENTGROUP_NAME]" authorizationdirectory="[SM_AUTHZ_BACKEND]" authscheme="[SM_IWA_AUTHSCHEME]" idletimeout="120" absolutetimeout="720">

      <url name="/web/cf/rate-reset" pattern="/web/cf/rate-reset">
        <allowrule action="GET POST OPTIONS PUT DELETE" filter="*" name="RXU_ALL" policy="RXU_ALLOW_POLICY" />
        <accessdenyrule filter="*" name="FAIL_AUTHZ" policy="ACCESS_DENIED" />
      </url>

    </protectedresources>


    <allowresponse name="SERVER_HEADERS">
      <responseattribute name="HTTP-Header-Variable" value="UID=&lt;%userattr=&quot;uid&quot;%&gt;"/>
      <responseattribute name="HTTP-Header-Variable" value="UNAME=&lt;%userattr=&quot;uname&quot;%&gt;"/>
      <responseattribute name="HTTP-Header-Variable" value="POID=&lt;%userattr=&quot;poid&quot;%&gt;"/>
      <responseattribute name="HTTP-Header-Variable" value="CREMS_DOMAIN=&lt;%userattr=&quot;crems_domain&quot;%&gt;"/>
      <responseattribute name="HTTP-Header-Variable" value="FRSTLGN==&lt;%userattr=&quot;frstlgn&quot;%&gt;"/>
      <responseattribute name="HTTP-Header-Variable" value="APP_CODE=RXU"/>
      <responseattribute name="HTTP-Header-Variable" value="SRV_TYPE=INTR"/>
    </allowresponse>

    <allowresponse name="CACHE_HEADERS">
      <responseattribute name="HTTP-Header-Variable" value="Cache-control=no-store, no-cache, must-revalidate"/>
      <responseattribute name="HTTP-Header-Variable" value="Pragma=no-cache"/>
      <responseattribute name="HTTP-Header-Variable" value="Expires=Sun, 16 Apr 1995 21:00:00 GMT"/>
    </allowresponse>

    <allowresponse name="PUBLIC_CACHE_HEADER">
      <responseattribute name="HTTP-Header-Variable" value="Cache-control=public" />
    </allowresponse>

    <accessdenyresponse name="ON_ACCESS_REJECT" redirect="/rs/AAAccessDenied" />

    <responsegroup name="ALL_HEADERS_CACHE">
      <member>SERVER_HEADERS</member>
      <member>CACHE_HEADERS</member>
    </responsegroup>

    <responsegroup name="ALL_HEADERS">
      <member>SERVER_HEADERS</member>
      <member>PUBLIC_CACHE_HEADER</member>
    </responsegroup>

    <allowpolicy response="ALL_HEADERS_CACHE" name="RXU_ALLOW_POLICY">
      <role class="User Attribute" filter="(role=*)" userdirectory="[SM_AUTHZ_BACKEND]" />
    </allowpolicy>

    <accessdenypolicy response="ON_ACCESS_REJECT" name="ACCESS_DENIED">
      <role class="User Attribute" filter="(role=*)" userdirectory="[SM_AUTHZ_BACKEND]" />
    </accessdenypolicy>

  </application>
</siteminder>
